entity,z,n,a,mass_region,shell_class,stability_class,actual_binding_energy_per_A_keV,guarded_blended_prediction_keV_per_a,signed_residual_keV_per_A,absolute_residual_keV_per_A,signed_residual_total_keV,absolute_residual_total_keV,directional_disagreement_keV_per_a,n_predictor,z_predictor
C-8,6,2,8,LIGHT_A_LT_40,AT_MAGIC_Z_OR_N,RADIOACTIVE_WITH_NUMERIC_HALF_LIFE,3101.5242,4383.9406,1282.4164,1282.4164,10259.3312,10259.3312,1753.7774,ONE_SIDED_SAME_PARITY_RIGHT,CROSS_ELEMENT_ONE_SIDED_LEFT
Be-8,4,4,8,LIGHT_A_LT_40,WITHIN_2_OF_MAGIC_Z_OR_N,RADIOACTIVE_WITH_NUMERIC_HALF_LIFE,7062.4356,5849.324854676981,-1213.1107453230188,1213.1107453230188,-9704.88596258415,9704.88596258415,598.1413166666653,SAME_PARITY_LINEAR_N2,CROSS_ELEMENT_CUBIC_Z1_Z2
F-13,9,4,13,LIGHT_A_LT_40,WITHIN_2_OF_MAGIC_Z_OR_N,RADIOACTIVE_OR_UNRESOLVED_HALF_LIFE,4297.0,5452.591,1155.5910000000003,1155.5910000000003,15022.683000000005,15022.683000000005,1047.042300000001,ONE_SIDED_SAME_PARITY_RIGHT,CROSS_ELEMENT_ONE_SIDED_LEFT
O-11,8,3,11,LIGHT_A_LT_40,AT_MAGIC_Z_OR_N,RADIOACTIVE_WITH_NUMERIC_HALF_LIFE,3162.4372,4159.8357000000005,997.3985000000007,997.3985000000007,10971.383500000007,10971.383500000007,1209.914200000001,ONE_SIDED_SAME_PARITY_RIGHT,CROSS_ELEMENT_ONE_SIDED_LEFT
Ne-15,10,5,15,LIGHT_A_LT_40,WITHIN_2_OF_MAGIC_Z_OR_N,RADIOACTIVE_WITH_NUMERIC_HALF_LIFE,4868.7285,5713.6551,844.9265999999998,844.9265999999998,12673.898999999998,12673.898999999998,955.0005000000001,ONE_SIDED_SAME_PARITY_RIGHT,CROSS_ELEMENT_ONE_SIDED_LEFT
He-9,2,7,9,LIGHT_A_LT_40,AT_MAGIC_Z_OR_N,RADIOACTIVE_WITH_NUMERIC_HALF_LIFE,3349.038,2733.9830999999995,-615.0549000000005,615.0549000000005,-5535.494100000005,5535.494100000005,376.1791000000003,ONE_SIDED_SAME_PARITY_LEFT,CROSS_ELEMENT_ONE_SIDED_RIGHT
Li-8,3,5,8,LIGHT_A_LT_40,WITHIN_2_OF_MAGIC_Z_OR_N,RADIOACTIVE_WITH_NUMERIC_HALF_LIFE,5159.7124,5753.352872043798,593.6404720437977,593.6404720437977,4749.123776350381,4749.123776350381,66.13600000000042,SAME_PARITY_CUBIC_N2_N4,CROSS_ELEMENT_CUBIC_Z1_Z2
Na-17,11,6,17,LIGHT_A_LT_40,WITHIN_2_OF_MAGIC_Z_OR_N,RADIOACTIVE_OR_UNRESOLVED_HALF_LIFE,5522.7653,6110.2147,587.4494000000004,587.4494000000004,9986.639800000008,9986.639800000008,441.3190000000004,ONE_SIDED_SAME_PARITY_RIGHT,CROSS_ELEMENT_ONE_SIDED_LEFT
C-11,6,5,11,LIGHT_A_LT_40,WITHIN_2_OF_MAGIC_Z_OR_N,RADIOACTIVE_WITH_NUMERIC_HALF_LIFE,6676.4563,6190.48187267108,-485.9744273289198,485.9744273289198,-5345.7187006181175,5345.7187006181175,480.75378333333265,SAME_PARITY_LINEAR_N2,CROSS_ELEMENT_CUBIC_Z1_Z2
C-10,6,4,10,LIGHT_A_LT_40,WITHIN_2_OF_MAGIC_Z_OR_N,RADIOACTIVE_WITH_NUMERIC_HALF_LIFE,6032.0426,5606.8719313557085,-425.17066864429125,425.17066864429125,-4251.7066864429125,4251.7066864429125,362.079483333333,SAME_PARITY_LINEAR_N2,CROSS_ELEMENT_CUBIC_Z1_Z2
Mg-19,12,7,19,LIGHT_A_LT_40,WITHIN_2_OF_MAGIC_Z_OR_N,RADIOACTIVE_WITH_NUMERIC_HALF_LIFE,5901.4992,6308.940499999999,407.4412999999986,407.4412999999986,7741.384699999973,7741.384699999973,545.0043999999989,ONE_SIDED_SAME_PARITY_RIGHT,CROSS_ELEMENT_ONE_SIDED_LEFT
Si-22,14,8,22,LIGHT_A_LT_40,AT_MAGIC_Z_OR_N,RADIOACTIVE_WITH_NUMERIC_HALF_LIFE,6044.0,6409.7575,365.7574999999997,365.7574999999997,8046.664999999994,8046.664999999994,543.7826999999997,ONE_SIDED_SAME_PARITY_RIGHT,CROSS_ELEMENT_ONE_SIDED_LEFT
O-14,8,6,14,LIGHT_A_LT_40,AT_MAGIC_Z_OR_N,RADIOACTIVE_WITH_NUMERIC_HALF_LIFE,7052.2783,6688.381109114384,-363.8971908856156,363.8971908856156,-5094.560672398618,5094.560672398618,434.570333333334,SAME_PARITY_LINEAR_N2,CROSS_ELEMENT_CUBIC_Z1_Z2
K-31,19,12,31,LIGHT_A_LT_40,WITHIN_2_OF_MAGIC_Z_OR_N,RADIOACTIVE_OR_UNRESOLVED_HALF_LIFE,6487.0,6818.1591,331.15909999999985,331.15909999999985,10265.932099999995,10265.932099999995,215.15909999999985,ONE_SIDED_SAME_PARITY_RIGHT,CROSS_ELEMENT_ONE_SIDED_LEFT
P-24,15,9,24,LIGHT_A_LT_40,WITHIN_2_OF_MAGIC_Z_OR_N,RADIOACTIVE_OR_UNRESOLVED_HALF_LIFE,6165.0,6488.5158,323.5158000000001,323.5158000000001,7764.379200000003,7764.379200000003,162.51580000000013,ONE_SIDED_SAME_PARITY_RIGHT,CROSS_ELEMENT_ONE_SIDED_LEFT
C-12,6,6,12,LIGHT_A_LT_40,WITHIN_2_OF_MAGIC_Z_OR_N,RADIOACTIVE_OR_UNRESOLVED_HALF_LIFE,7680.1446,7359.484332314073,-320.66026768592656,320.66026768592656,-3847.9232122311187,3847.9232122311187,178.23281666666753,SAME_PARITY_CUBIC_N2_N4,CROSS_ELEMENT_CUBIC_Z1_Z2
S-26,16,10,26,LIGHT_A_LT_40,WITHIN_2_OF_MAGIC_Z_OR_N,RADIOACTIVE_OR_UNRESOLVED_HALF_LIFE,6525.0,6834.874100000001,309.8741000000009,309.8741000000009,8056.726600000024,8056.726600000024,414.1070000000009,ONE_SIDED_SAME_PARITY_RIGHT,CROSS_ELEMENT_ONE_SIDED_LEFT
F-14,9,5,14,LIGHT_A_LT_40,WITHIN_2_OF_MAGIC_Z_OR_N,RADIOACTIVE_WITH_NUMERIC_HALF_LIFE,5285.2091,5588.729541248404,303.5204412484036,303.5204412484036,4249.28617747765,4249.28617747765,956.2136500000006,ONE_SIDED_SAME_PARITY_RIGHT,CROSS_ELEMENT_LINEAR_Z1
Ar-29,18,11,29,LIGHT_A_LT_40,WITHIN_2_OF_MAGIC_Z_OR_N,RADIOACTIVE_OR_UNRESOLVED_HALF_LIFE,6276.0,6575.0441,299.04410000000007,299.04410000000007,8672.278900000001,8672.278900000001,361.04410000000007,ONE_SIDED_SAME_PARITY_RIGHT,CROSS_ELEMENT_ONE_SIDED_LEFT
Ca-33,20,13,33,LIGHT_A_LT_40,AT_MAGIC_Z_OR_N,RADIOACTIVE_OR_UNRESOLVED_HALF_LIFE,6657.0,6948.5433,291.5433000000003,291.5433000000003,9620.92890000001,9620.92890000001,360.5433000000003,ONE_SIDED_SAME_PARITY_RIGHT,CROSS_ELEMENT_ONE_SIDED_LEFT
O-13,8,5,13,LIGHT_A_LT_40,AT_MAGIC_Z_OR_N,RADIOACTIVE_WITH_NUMERIC_HALF_LIFE,5811.7636,5551.499279797415,-260.2643202025856,260.2643202025856,-3383.436162633613,3383.436162633613,399.61758333333364,SAME_PARITY_LINEAR_N2,CROSS_ELEMENT_CUBIC_Z1_Z2
N-25,7,18,25,LIGHT_A_LT_40,WITHIN_2_OF_MAGIC_Z_OR_N,RADIOACTIVE_OR_UNRESOLVED_HALF_LIFE,5613.0,5864.328299999999,251.32829999999922,251.32829999999922,6283.20749999998,6283.20749999998,250.96350000000166,ONE_SIDED_SAME_PARITY_LEFT,CROSS_ELEMENT_ONE_SIDED_RIGHT
Li-13,3,10,13,LIGHT_A_LT_40,WITHIN_2_OF_MAGIC_Z_OR_N,RADIOACTIVE_WITH_NUMERIC_HALF_LIFE,3507.6307,3272.9948999999997,-234.63580000000047,234.63580000000047,-3050.265400000006,3050.265400000006,834.7558999999992,ONE_SIDED_SAME_PARITY_LEFT,CROSS_ELEMENT_ONE_SIDED_RIGHT
Ne-17,10,7,17,LIGHT_A_LT_40,WITHIN_2_OF_MAGIC_Z_OR_N,RADIOACTIVE_WITH_NUMERIC_HALF_LIFE,6640.4991,6416.092453276124,-224.4066467238763,224.4066467238763,-3814.912994305897,3814.912994305897,331.94348333333346,SAME_PARITY_LINEAR_N2,CROSS_ELEMENT_CUBIC_Z1_Z2
N-14,7,7,14,LIGHT_A_LT_40,WITHIN_2_OF_MAGIC_Z_OR_N,RADIOACTIVE_OR_UNRESOLVED_HALF_LIFE,7475.6148,7260.841181004274,-214.77361899572588,214.77361899572588,-3006.8306659401624,3006.8306659401624,440.91633333333266,SAME_PARITY_CUBIC_N2_N4,CROSS_ELEMENT_CUBIC_Z1_Z2
O-15,8,7,15,LIGHT_A_LT_40,AT_MAGIC_Z_OR_N,RADIOACTIVE_WITH_NUMERIC_HALF_LIFE,7463.6915,7254.080913656197,-209.61058634380333,209.61058634380333,-3144.15879515705,3144.15879515705,21.211366666668255,SAME_PARITY_CUBIC_N2_N4,CROSS_ELEMENT_CUBIC_Z1_Z2
Sc-35,21,14,35,LIGHT_A_LT_40,WITHIN_2_OF_MAGIC_Z_OR_N,RADIOACTIVE_OR_UNRESOLVED_HALF_LIFE,6828.0,7036.5425,208.54249999999956,208.54249999999956,7298.987499999985,7298.987499999985,82.54249999999956,ONE_SIDED_SAME_PARITY_RIGHT,CROSS_ELEMENT_ONE_SIDED_LEFT
Ne-18,10,8,18,LIGHT_A_LT_40,AT_MAGIC_Z_OR_N,RADIOACTIVE_WITH_NUMERIC_HALF_LIFE,7341.2577,7144.26162819339,-196.99607180661042,196.99607180661042,-3545.9292925189875,3545.9292925189875,145.06168333333426,SAME_PARITY_LINEAR_N2,CROSS_ELEMENT_CUBIC_Z1_Z2
C-21,6,15,21,LIGHT_A_LT_40,WITHIN_2_OF_MAGIC_Z_OR_N,RADIOACTIVE_OR_UNRESOLVED_HALF_LIFE,5674.0,5481.978046036662,-192.0219539633381,192.0219539633381,-4032.4610332301,4032.4610332301,205.54320000000007,SAME_PARITY_LINEAR_N2,CROSS_ELEMENT_LINEAR_Z1
C-20,6,14,20,LIGHT_A_LT_40,WITHIN_2_OF_MAGIC_Z_OR_N,RADIOACTIVE_WITH_NUMERIC_HALF_LIFE,5961.4356,5777.708520996615,-183.72707900338446,183.72707900338446,-3674.541580067689,3674.541580067689,259.27970000000005,SAME_PARITY_LINEAR_N2,CROSS_ELEMENT_LINEAR_Z1
O-18,8,10,18,LIGHT_A_LT_40,AT_MAGIC_Z_OR_N,RADIOACTIVE_OR_UNRESOLVED_HALF_LIFE,7767.0981,7949.243312747167,182.14521274716662,182.14521274716662,3278.6138294489992,3278.6138294489992,409.2104166666686,SAME_PARITY_CUBIC_N2_N4,CROSS_ELEMENT_CUBIC_Z1_Z2
Na-18,11,7,18,LIGHT_A_LT_40,WITHIN_2_OF_MAGIC_Z_OR_N,RADIOACTIVE_WITH_NUMERIC_HALF_LIFE,6202.2176,6377.631932492709,175.41433249270904,175.41433249270904,3157.4579848687627,3157.4579848687627,410.3440500000006,ONE_SIDED_SAME_PARITY_RIGHT,CROSS_ELEMENT_LINEAR_Z1
O-16,8,8,16,LIGHT_A_LT_40,AT_MAGIC_Z_OR_N,RADIOACTIVE_OR_UNRESOLVED_HALF_LIFE,7976.2072,7801.236772820913,-174.97042717908698,174.97042717908698,-2799.5268348653917,2799.5268348653917,120.23034999999891,SAME_PARITY_CUBIC_N2_N4,CROSS_ELEMENT_CUBIC_Z1_Z2
N-17,7,10,17,LIGHT_A_LT_40,WITHIN_2_OF_MAGIC_Z_OR_N,RADIOACTIVE_WITH_NUMERIC_HALF_LIFE,7286.2294,7458.952456713277,172.7230567132765,172.7230567132765,2936.2919641257004,2936.2919641257004,58.90084999999999,SAME_PARITY_CUBIC_N2_N4,CROSS_ELEMENT_CUBIC_Z1_Z2
Ti-37,22,15,37,LIGHT_A_LT_40,WITHIN_2_OF_MAGIC_Z_OR_N,RADIOACTIVE_OR_UNRESOLVED_HALF_LIFE,6926.0,7097.6111,171.61110000000008,171.61110000000008,6349.610700000003,6349.610700000003,241.61110000000008,ONE_SIDED_SAME_PARITY_RIGHT,CROSS_ELEMENT_ONE_SIDED_LEFT
Li-11,3,8,11,LIGHT_A_LT_40,AT_MAGIC_Z_OR_N,RADIOACTIVE_WITH_NUMERIC_HALF_LIFE,4155.3817,4320.65762021576,165.27592021576038,165.27592021576038,1818.0351223733642,1818.0351223733642,85.22854999999981,SAME_PARITY_LINEAR_N2,CROSS_ELEMENT_LINEAR_Z1
Be-14,4,10,14,LIGHT_A_LT_40,WITHIN_2_OF_MAGIC_Z_OR_N,RADIOACTIVE_WITH_NUMERIC_HALF_LIFE,4993.8973,4829.036046448051,-164.86125355194872,164.86125355194872,-2308.057549727282,2308.057549727282,309.1664499999997,SAME_PARITY_LINEAR_N2,CROSS_ELEMENT_LINEAR_Z1
Be-13,4,9,13,LIGHT_A_LT_40,WITHIN_2_OF_MAGIC_Z_OR_N,RADIOACTIVE_WITH_NUMERIC_HALF_LIFE,5241.4359,5077.870959767684,-163.56494023231608,163.56494023231608,-2126.344223020109,2126.344223020109,300.1330000000007,SAME_PARITY_LINEAR_N2,CROSS_ELEMENT_LINEAR_Z1
B-10,5,5,10,LIGHT_A_LT_40,AWAY_FROM_MAGIC_NUMBERS,RADIOACTIVE_OR_UNRESOLVED_HALF_LIFE,6475.0835,6633.104332234781,158.02083223478166,158.02083223478166,1580.2083223478166,1580.2083223478166,244.63498333333337,SAME_PARITY_CUBIC_N2_N4,CROSS_ELEMENT_CUBIC_Z1_Z2
N-16,7,9,16,LIGHT_A_LT_40,WITHIN_2_OF_MAGIC_Z_OR_N,RADIOACTIVE_WITH_NUMERIC_HALF_LIFE,7373.7971,7531.796354471915,157.99925447191526,157.99925447191526,2527.9880715506442,2527.9880715506442,82.14718333333258,SAME_PARITY_CUBIC_N2_N4,CROSS_ELEMENT_CUBIC_Z1_Z2
Al-21,13,8,21,LIGHT_A_LT_40,AT_MAGIC_Z_OR_N,RADIOACTIVE_OR_UNRESOLVED_HALF_LIFE,6297.0,6454.695606084679,157.69560608467873,157.69560608467873,3311.6077277782533,3311.6077277782533,264.3058000000001,ONE_SIDED_SAME_PARITY_RIGHT,CROSS_ELEMENT_LINEAR_Z1
Cr-41,24,17,41,MEDIUM_40_TO_99,AWAY_FROM_MAGIC_NUMBERS,RADIOACTIVE_OR_UNRESOLVED_HALF_LIFE,7116.0,7272.2714,156.27139999999963,156.27139999999963,6407.127399999985,6407.127399999985,218.27139999999963,ONE_SIDED_SAME_PARITY_RIGHT,CROSS_ELEMENT_ONE_SIDED_LEFT
F-15,9,6,15,LIGHT_A_LT_40,WITHIN_2_OF_MAGIC_Z_OR_N,RADIOACTIVE_WITH_NUMERIC_HALF_LIFE,6497.4597,6343.5109843425025,-153.94871565749781,153.94871565749781,-2309.230734862467,2309.230734862467,710.3683499999997,SAME_PARITY_LINEAR_N2,CROSS_ELEMENT_CUBIC_Z1_Z2
C-23,6,17,23,LIGHT_A_LT_40,WITHIN_2_OF_MAGIC_Z_OR_N,RADIOACTIVE_OR_UNRESOLVED_HALF_LIFE,5077.0,5229.726,152.72599999999966,152.72599999999966,3512.697999999992,3512.697999999992,183.53179999999975,ONE_SIDED_SAME_PARITY_LEFT,CROSS_ELEMENT_ONE_SIDED_RIGHT
V-39,23,16,39,LIGHT_A_LT_40,AWAY_FROM_MAGIC_NUMBERS,RADIOACTIVE_OR_UNRESOLVED_HALF_LIFE,7031.0,7180.4871,149.48710000000028,149.48710000000028,5829.996900000011,5829.996900000011,67.48710000000028,ONE_SIDED_SAME_PARITY_RIGHT,CROSS_ELEMENT_ONE_SIDED_LEFT
Al-22,13,9,22,LIGHT_A_LT_40,WITHIN_2_OF_MAGIC_Z_OR_N,RADIOACTIVE_WITH_NUMERIC_HALF_LIFE,6782.0,6929.316889440982,147.31688944098187,147.31688944098187,3240.971567701601,3240.971567701601,287.291900000002,ONE_SIDED_SAME_PARITY_RIGHT,CROSS_ELEMENT_CUBIC_Z1_Z2
Mn-43,25,18,43,MEDIUM_40_TO_99,WITHIN_2_OF_MAGIC_Z_OR_N,RADIOACTIVE_OR_UNRESOLVED_HALF_LIFE,7213.0,7358.6883,145.6882999999998,145.6882999999998,6264.596899999991,6264.596899999991,71.6882999999998,ONE_SIDED_SAME_PARITY_RIGHT,CROSS_ELEMENT_ONE_SIDED_LEFT
Mg-22,12,10,22,LIGHT_A_LT_40,WITHIN_2_OF_MAGIC_Z_OR_N,RADIOACTIVE_WITH_NUMERIC_HALF_LIFE,7662.7645,7518.180539966141,-144.5839600338595,144.5839600338595,-3180.8471207449093,3180.8471207449093,39.91029999999864,SAME_PARITY_LINEAR_N2,CROSS_ELEMENT_CUBIC_Z1_Z2
N-24,7,17,24,LIGHT_A_LT_40,WITHIN_2_OF_MAGIC_Z_OR_N,RADIOACTIVE_OR_UNRESOLVED_HALF_LIFE,5887.0,6028.645784501901,141.6457845019013,141.6457845019013,3399.498828045631,3399.498828045631,145.4948000000004,ONE_SIDED_SAME_PARITY_LEFT,CROSS_ELEMENT_LINEAR_Z1
Si-24,14,10,24,LIGHT_A_LT_40,WITHIN_2_OF_MAGIC_Z_OR_N,RADIOACTIVE_WITH_NUMERIC_HALF_LIFE,7167.2329,7026.619456111803,-140.61344388819725,140.61344388819725,-3374.722653316734,3374.722653316734,70.83676666666634,SAME_PARITY_LINEAR_N2,CROSS_ELEMENT_CUBIC_Z1_Z2
