entity,z,n,a,mass_region,actual_binding_energy_per_A_keV,guarded_blended_prediction_keV_per_a,signed_residual_keV_per_a,absolute_residual_keV_per_a,n_prediction_keV_per_a,z_prediction_keV_per_a,directional_disagreement_keV_per_a,directional_disagreement_threshold_keV_per_a,weight_n,weight_z,guard_decision,guard_reasons
n-1,0,1,1,LIGHT_A_LT_40,0.0,,,,,-348.1142399999999,,,,,ABSTAIN,ULTRALIGHT_A_LT_8;NO_ELIGIBLE_DIRECTION
H-1,1,0,1,LIGHT_A_LT_40,0.0,,,,4318.171600000001,,,,1.0,0.0,ABSTAIN,ULTRALIGHT_A_LT_8
H-2,1,1,2,LIGHT_A_LT_40,1112.2831,,,,2479.2587000000003,1286.34022,1192.9184800000003,,1.0,0.0,ABSTAIN,ULTRALIGHT_A_LT_8
H-3,1,2,3,LIGHT_A_LT_40,2827.2654,,,,668.1796,8881.6987,8213.519100000001,,1.0,0.0,ABSTAIN,ULTRALIGHT_A_LT_8
H-4,1,3,4,LIGHT_A_LT_40,1720.4491,,,,1036.9613,5691.9338,4654.9725,,1.0,0.0,ABSTAIN,ULTRALIGHT_A_LT_8
H-5,1,4,5,LIGHT_A_LT_40,1336.3592,,,,1883.6327,4150.599700000001,2266.9670000000006,,1.0,0.0,ABSTAIN,ULTRALIGHT_A_LT_8
H-6,1,5,6,LIGHT_A_LT_40,961.6395,,,,2328.6151,3086.403199999999,757.7880999999988,,1.0,0.0,ABSTAIN,ULTRALIGHT_A_LT_8
H-7,1,6,7,LIGHT_A_LT_40,940.0,,,,-154.54700000000003,2811.2735000000002,2965.8205000000003,,1.0,0.0,ABSTAIN,ULTRALIGHT_A_LT_8
He-3,2,1,3,LIGHT_A_LT_40,2572.68044,,,,6901.2072,1507.6956,5393.5116,,1.0,0.0,ABSTAIN,ULTRALIGHT_A_LT_8
He-4,2,2,4,LIGHT_A_LT_40,7073.9156,,,,5832.5188,4046.69895,1785.8198499999999,,1.0,0.0,ABSTAIN,ULTRALIGHT_A_LT_8
He-5,2,3,5,LIGHT_A_LT_40,5512.1325,,,,3347.86912,3526.3901499999997,178.52102999999988,,1.0,0.0,ABSTAIN,ULTRALIGHT_A_LT_8
He-6,2,4,6,LIGHT_A_LT_40,4878.5199,,,,5499.2183,3471.39965,2027.8186500000006,,1.0,0.0,ABSTAIN,ULTRALIGHT_A_LT_8
He-7,2,5,7,LIGHT_A_LT_40,4123.0578,,,,4430.58525,3060.6759500000003,1369.9092999999998,,1.0,0.0,ABSTAIN,ULTRALIGHT_A_LT_8
He-8,2,6,8,LIGHT_A_LT_40,3924.521,,,,3936.82695,2988.88425,947.9427000000001,817.264715674138,0.43730099578415077,0.5626990042158492,ABSTAIN,EXCESSIVE_DIRECTIONAL_DISAGREEMENT
Li-3,3,0,3,LIGHT_A_LT_40,-2267.0,,,,4925.8249,,,,1.0,0.0,ABSTAIN,ULTRALIGHT_A_LT_8
Li-4,3,1,4,LIGHT_A_LT_40,1153.7603,,,,5504.949999999999,1619.57311,3885.3768899999986,,1.0,0.0,ABSTAIN,ULTRALIGHT_A_LT_8
Li-5,3,2,5,LIGHT_A_LT_40,5266.1325,,,,1669.72005,6643.113783333334,4973.393733333334,,1.0,0.0,ABSTAIN,ULTRALIGHT_A_LT_8
Li-6,3,3,6,LIGHT_A_LT_40,5332.3312,,,,3156.73635,6182.853433333333,3026.1170833333326,,1.0,0.0,ABSTAIN,ULTRALIGHT_A_LT_8
Li-7,3,4,7,LIGHT_A_LT_40,5606.4401,,,,6554.53705,6695.06525,140.52819999999974,,1.0,0.0,ABSTAIN,ULTRALIGHT_A_LT_8
Li-9,3,6,9,LIGHT_A_LT_40,5037.7685,,,,5045.587333333333,5636.81235,591.2250166666672,511.01967841925375,0.9729148213207326,0.027085178679267394,ABSTAIN,EXCESSIVE_DIRECTIONAL_DISAGREEMENT
Be-5,4,1,5,LIGHT_A_LT_40,18.0,,,,4280.428100000001,343.38014999999996,3937.047950000001,,1.0,0.0,ABSTAIN,ULTRALIGHT_A_LT_8
Be-6,4,2,6,LIGHT_A_LT_40,4487.2478,,,,7627.240599999999,4187.3187,3439.9218999999994,,1.0,0.0,ABSTAIN,ULTRALIGHT_A_LT_8
Be-7,4,3,7,LIGHT_A_LT_40,5371.5487,,,,3240.33465,5058.064899999999,1817.7302499999996,,1.0,0.0,ABSTAIN,ULTRALIGHT_A_LT_8
Be-9,4,5,9,LIGHT_A_LT_40,6462.6693,,,,6672.81995,5956.611583333333,716.2083666666667,511.01967841925375,0.9729148213207326,0.027085178679267394,ABSTAIN,EXCESSIVE_DIRECTIONAL_DISAGREEMENT
Be-10,4,6,10,LIGHT_A_LT_40,6497.6306,,,,6941.914416666666,6042.8895999999995,899.0248166666661,511.01967841925375,0.9729148213207326,0.027085178679267394,ABSTAIN,EXCESSIVE_DIRECTIONAL_DISAGREEMENT
Be-11,4,7,11,LIGHT_A_LT_40,5952.5402,,,,6150.650216666667,5638.568683333333,512.0815333333339,511.01967841925375,0.9729148213207326,0.027085178679267394,ABSTAIN,EXCESSIVE_DIRECTIONAL_DISAGREEMENT
B-6,5,1,6,LIGHT_A_LT_40,-467.0,,,,2959.2267,-1117.7603,4076.987,,1.0,0.0,ABSTAIN,ULTRALIGHT_A_LT_8
B-7,5,2,7,LIGHT_A_LT_40,3558.7055,,,,5586.4103,3794.386,1792.0242999999996,,1.0,0.0,ABSTAIN,ULTRALIGHT_A_LT_8
B-8,5,3,8,LIGHT_A_LT_40,4717.1551,,,,3004.04175,4976.647400000002,1972.6056500000018,793.6667348378255,0.40334224583273875,0.5966577541672612,ABSTAIN,EXCESSIVE_DIRECTIONAL_DISAGREEMENT
B-9,5,4,9,LIGHT_A_LT_40,6257.0713,,,,5243.2189,6902.1784,1658.9595,793.6667348378255,0.40334224583273875,0.5966577541672612,ABSTAIN,EXCESSIVE_DIRECTIONAL_DISAGREEMENT
C-9,6,3,9,LIGHT_A_LT_40,4337.4233,,,,5883.063099999999,4151.554016666666,1731.5090833333334,1042.1025099003034,0.23395330477811208,0.766046695221888,ABSTAIN,EXCESSIVE_DIRECTIONAL_DISAGREEMENT
N-10,7,3,10,LIGHT_A_LT_40,3643.6724,,,,4864.605199999999,3749.9302500000003,1114.6749499999987,1060.185064334669,0.25986189514069763,0.7401381048593024,ABSTAIN,EXCESSIVE_DIRECTIONAL_DISAGREEMENT
N-11,7,4,11,LIGHT_A_LT_40,5358.4023,,,,6778.266500000001,5517.000183333334,1261.266316666667,1042.1025099003034,0.23395330477811208,0.766046695221888,ABSTAIN,EXCESSIVE_DIRECTIONAL_DISAGREEMENT
N-12,7,5,12,LIGHT_A_LT_40,6170.11,,,,5559.6436,6365.431166666665,805.787566666665,793.6667348378255,0.40334224583273875,0.5966577541672612,ABSTAIN,EXCESSIVE_DIRECTIONAL_DISAGREEMENT
N-13,7,6,13,LIGHT_A_LT_40,7238.8634,,,,6528.9313,7584.0832666666665,1055.1519666666663,793.6667348378255,0.40334224583273875,0.5966577541672612,ABSTAIN,EXCESSIVE_DIRECTIONAL_DISAGREEMENT
O-12,8,4,12,LIGHT_A_LT_40,4881.9755,,,,6128.3494,4827.70115,1300.6482500000002,1060.185064334669,0.25986189514069763,0.7401381048593024,ABSTAIN,EXCESSIVE_DIRECTIONAL_DISAGREEMENT
Mg-40,12,28,40,MEDIUM_40_TO_99,6598.0,,,,6611.5798,6518.0,93.57980000000043,91.19384289543511,0.9278839583760213,0.07211604162397862,ABSTAIN,EXCESSIVE_DIRECTIONAL_DISAGREEMENT
Cr-42,24,18,42,MEDIUM_40_TO_99,7456.0,,,,7595.429700000001,7419.0,176.4297000000006,107.16041641826473,0.6719793321079433,0.3280206678920567,ABSTAIN,EXCESSIVE_DIRECTIONAL_DISAGREEMENT
Zn-55,30,25,55,MEDIUM_40_TO_99,7904.0,,,,7988.219800000001,7876.0,112.21980000000076,107.16041641826473,0.6719793321079433,0.3280206678920567,ABSTAIN,EXCESSIVE_DIRECTIONAL_DISAGREEMENT
Ge-59,32,27,59,MEDIUM_40_TO_99,7924.0,,,,8011.283299999999,7897.0,114.28329999999914,107.16041641826473,0.6719793321079433,0.3280206678920567,ABSTAIN,EXCESSIVE_DIRECTIONAL_DISAGREEMENT
Ts-291,117,174,291,VERY_HEAVY_A_GE_180,7098.0,,,,,7105.0,,,,,ABSTAIN,NO_ELIGIBLE_DIRECTION
Og-293,118,175,293,VERY_HEAVY_A_GE_180,7078.0,,,,,7074.0,,,,,ABSTAIN,NO_ELIGIBLE_DIRECTION
Og-294,118,176,294,VERY_HEAVY_A_GE_180,7079.0,,,,,7074.0,,,,,ABSTAIN,NO_ELIGIBLE_DIRECTION
Og-295,118,177,295,VERY_HEAVY_A_GE_180,7076.0,,,,,7073.0,,,,,ABSTAIN,NO_ELIGIBLE_DIRECTION
